,Id,y_pred
0,10000,-66.00242349023127
1,10001,451.40650440115405
2,10002,-461.67641706029855
3,10003,40.50120875372456
4,10004,-126.74472245403844
5,10005,-342.53455181925193
6,10006,-396.55554211358884
7,10007,335.5412790790884
8,10008,-99.5124208706248
9,10009,304.8125398062761
10,10010,68.89453048978581
11,10011,412.3691954559093
12,10012,54.94237102476761
13,10013,-17.005550754779897
14,10014,-597.8499575722616
15,10015,443.5022887864147
16,10016,144.77448697804357
17,10017,-57.411163672537185
18,10018,134.38782757746267
19,10019,-108.98377598910898
20,10020,153.82482842506795
21,10021,611.7359836022034
22,10022,588.3896503384233
23,10023,-131.01679995801973
24,10024,-61.13562114122837
25,10025,-374.2484953169728
26,10026,74.15799307965428
27,10027,137.43837873610366
28,10028,420.08661179679103
29,10029,196.76562571344488
30,10030,268.4428498005336
31,10031,638.4749102511104
32,10032,127.37873138691813
33,10033,1.3491187583999573
34,10034,22.71045317740691
35,10035,342.2395345225651
36,10036,307.7039669741725
37,10037,348.1382087009419
38,10038,-168.65286130735456
39,10039,-20.221130904618093
40,10040,-551.7499275731111
41,10041,-429.9718040667418
42,10042,261.89195870674376
43,10043,389.82042612922146
44,10044,-96.16562227356596
45,10045,-210.71080125632696
46,10046,278.88186878401314
47,10047,-427.45330103104874
48,10048,-172.90325291756943
49,10049,467.26437835578486
50,10050,-631.5587355874401
51,10051,-355.5316593381777
52,10052,143.1732755386046
53,10053,69.19920259894145
54,10054,275.5882739767273
55,10055,-263.1886122041039
56,10056,167.49830723241223
57,10057,104.57789589014195
58,10058,230.07008661007706
59,10059,20.988026644576642
60,10060,-4.82258126250219
61,10061,-201.92294081063753
62,10062,560.0639265657707
63,10063,55.288476252448405
64,10064,671.3015746918351
65,10065,-493.74873828522925
66,10066,-279.3530367325922
67,10067,-53.71252761314614
68,10068,379.6981955009764
69,10069,315.07141085798366
70,10070,169.13001732614254
71,10071,-271.59930326901065
72,10072,783.8022226750344
73,10073,44.57731151554834
74,10074,57.406780054578846
75,10075,-161.07827414306828
76,10076,-220.6695784788574
77,10077,223.24129442929225
78,10078,352.66559554375647
79,10079,13.163291366266677
80,10080,-461.9941469857309
81,10081,305.3721466914247
82,10082,-230.5965617386106
83,10083,359.0744432425444
84,10084,-430.26056337592127
85,10085,-115.54882205546423
86,10086,-88.96006387867412
87,10087,-488.2901898080425
88,10088,-139.3503385471363
89,10089,57.338808108525676
90,10090,-190.33624272166506
91,10091,-6.5080929148235445
92,10092,189.29107774701745
93,10093,346.60367818565607
94,10094,871.627320648592
95,10095,-147.01353738653953
96,10096,443.4899377794314
97,10097,-30.498432974438543
98,10098,185.46345753445843
99,10099,-119.91717151732757
100,10100,43.57523800180896
101,10101,58.3185715522435
102,10102,-197.15246829839896
103,10103,-70.47160678841288
104,10104,-342.8460532886678
105,10105,-29.233589873716657
106,10106,49.522929296104124
107,10107,-16.246144137911617
108,10108,33.77506926160743
109,10109,-68.88307748324154
110,10110,25.86339949369636
111,10111,-617.3142842716965
112,10112,-185.9044130119504
113,10113,323.7831061093879
114,10114,-35.66219572212688
115,10115,-733.5297711613845
116,10116,-240.73856264735997
117,10117,-381.97314662424924
118,10118,75.3199446216952
119,10119,36.61032645911742
120,10120,-28.756270225024238
121,10121,-481.1606279685904
122,10122,408.8502304229905
123,10123,-765.0217471991643
124,10124,178.07269651637137
125,10125,-7.649879385671773
126,10126,134.79684623375837
127,10127,-477.4585142128699
128,10128,-248.70625301323668
129,10129,-361.8846572238643
130,10130,-18.755611748554173
131,10131,7.795604374434423
132,10132,-109.10598972538509
133,10133,-63.0737452421949
134,10134,591.8231837349173
135,10135,259.61263369662976
136,10136,-279.8658320087672
137,10137,93.22535940051883
138,10138,-427.28731541913635
139,10139,84.38656633089879
140,10140,-311.5446306441578
141,10141,11.419268612559978
142,10142,-297.8314684235852
143,10143,-331.9289709686445
144,10144,656.013230525732
145,10145,-476.6626813650553
146,10146,361.1940451337737
147,10147,-150.18526861192316
148,10148,299.9467190243267
149,10149,-191.7214321927064
150,10150,151.94999511612005
151,10151,-64.67275781576583
152,10152,351.2448616306329
153,10153,-370.6364457562725
154,10154,349.2249817861115
155,10155,273.524609616802
156,10156,783.1971843196885
157,10157,-124.23788973573834
158,10158,-155.22004432990852
159,10159,-506.9556493864122
160,10160,201.69321238561633
161,10161,-415.17405715963736
162,10162,-348.16510516956635
163,10163,-201.95224108681086
164,10164,-658.9504470533376
165,10165,179.3464016817155
166,10166,124.06925816168753
167,10167,-209.15025355201772
168,10168,213.70513477400615
169,10169,-82.11721023809005
170,10170,-97.11026989727122
171,10171,124.26800574647949
172,10172,50.289915657143986
173,10173,538.7439592813378
174,10174,630.0175345543366
175,10175,217.2592778265444
176,10176,-491.73374132670864
177,10177,-131.14175113883448
178,10178,362.39302241729445
179,10179,-14.363038055407658
180,10180,-30.26175736167655
181,10181,-107.32358076729909
182,10182,-334.06259292967223
183,10183,299.50639964643267
184,10184,-103.47221484505457
185,10185,179.8204994671945
186,10186,122.20070887900714
187,10187,86.58037161690795
188,10188,386.4825605669928
189,10189,-613.3611745045839
190,10190,-269.81638738346174
191,10191,260.7314512622863
192,10192,-44.620161280427375
193,10193,-159.15717576416705
194,10194,-145.24559879357489
195,10195,447.22821487599987
196,10196,476.35698596959503
197,10197,121.7942134532721
198,10198,-1.5356790561065747
199,10199,410.74409653877956
200,10200,90.82809979964681
201,10201,150.0733695684509
202,10202,24.033652961547986
203,10203,273.8866340536289
204,10204,-154.52926038025146
205,10205,42.58890150706539
206,10206,617.3417063168574
207,10207,38.939360761427814
208,10208,-91.43610119490394
209,10209,225.3532747739111
210,10210,151.058275770856
211,10211,-86.91664773646059
212,10212,-101.71788958007252
213,10213,161.93776502605556
214,10214,357.8704141035443
215,10215,32.14597818655426
216,10216,-379.1453992002924
217,10217,-165.94213222367208
218,10218,257.45392169454146
219,10219,-124.83850779184183
220,10220,47.08451472299133
221,10221,-67.05065138980315
222,10222,287.1733441341639
223,10223,836.2674277701626
224,10224,-78.73329260205499
225,10225,-293.00922915219553
226,10226,284.9163264622564
227,10227,377.9514320082291
228,10228,-473.9426195897224
229,10229,-538.8094549766043
230,10230,-372.90475040318904
231,10231,-83.3770088996871
232,10232,157.4620595191123
233,10233,167.502914561512
234,10234,-105.69040574319547
235,10235,561.1616879176291
236,10236,-149.35531895746922
237,10237,196.96680512352324
238,10238,-33.81991172758065
239,10239,5.199419882336985
240,10240,-121.70842296063267
241,10241,53.47357981737764
242,10242,531.2918938411239
243,10243,-157.60262258937712
244,10244,-183.77196239261272
245,10245,643.8322464256646
246,10246,17.780306010129507
247,10247,-92.07939719460165
248,10248,485.4931646050765
249,10249,-221.23657860793983
250,10250,490.60650504846245
251,10251,-43.67715915424899
252,10252,139.93322987117637
253,10253,207.5044744276116
254,10254,17.09264702435961
255,10255,-396.47203316052986
256,10256,-168.3016676152932
257,10257,-75.59324100124536
258,10258,-292.0735078007697
259,10259,-59.37366534663157
260,10260,247.36904706438503
261,10261,206.83112758185524
262,10262,17.462464464079325
263,10263,-181.81148500656968
264,10264,300.1761509454858
265,10265,-567.6387247955892
266,10266,311.5932728526354
267,10267,-9.929511835494562
268,10268,161.40782304547835
269,10269,272.3855992297233
270,10270,55.12245741942564
271,10271,-15.278267412197406
272,10272,286.40230194290257
273,10273,387.88861194347413
274,10274,-148.57888863638522
275,10275,171.95235244839625
276,10276,-411.57059222267907
277,10277,213.8025382707525
278,10278,133.93002437371695
279,10279,-99.01717750124281
280,10280,-162.4172422455819
281,10281,-39.07419011347836
282,10282,-295.15845218323904
283,10283,141.3248135435963
284,10284,163.0598300533447
285,10285,-55.455401462417164
286,10286,-145.74067609352238
287,10287,16.350462436353354
288,10288,-364.2985584828285
289,10289,558.663018737672
290,10290,40.05066121900728
291,10291,67.63734504296968
292,10292,559.8400846554666
293,10293,469.8069471574169
294,10294,-149.49980105452923
295,10295,-328.822786699696
296,10296,425.7713170466749
297,10297,85.50466241179372
298,10298,-166.91553705584954
299,10299,-662.2984070393497
300,10300,50.280391653003335
301,10301,-11.35571833296002
302,10302,-451.81126444953253
303,10303,78.6728331341308
304,10304,-386.8187999173564
305,10305,-273.22738305237266
306,10306,352.01504544002296
307,10307,-263.8480409181026
308,10308,-214.73022299361116
309,10309,-84.88115489738549
310,10310,745.8832791254237
311,10311,-418.9751084522758
312,10312,739.199125166194
313,10313,-469.0774263529473
314,10314,481.82984486567085
315,10315,363.20797478743987
316,10316,-270.2530418207191
317,10317,-399.5921247161324
318,10318,234.4572803070658
319,10319,-38.734693570326954
320,10320,238.36874871850767
321,10321,28.697441990183666
322,10322,238.23095785965475
323,10323,-130.0074403000003
324,10324,-681.2945617788487
325,10325,61.58065295954377
326,10326,-444.92985067095935
327,10327,-14.713208392839832
328,10328,680.476782342858
329,10329,288.7326064937662
330,10330,839.970490155673
331,10331,416.6574765191816
332,10332,167.35603728915845
333,10333,-86.77953786706674
334,10334,332.7699676004362
335,10335,-201.33443093425365
336,10336,-43.62508298784142
337,10337,-107.90237779609674
338,10338,-284.035738025171
339,10339,232.60855717832757
340,10340,237.83315171540156
341,10341,74.39980567720355
342,10342,255.5177040636455
343,10343,-168.64961928561027
344,10344,68.5633460162902
345,10345,-365.4419817252605
346,10346,189.70649886094594
347,10347,-369.83324976670997
348,10348,-250.90024390237892
349,10349,76.31355019623206
350,10350,-344.94550923377585
351,10351,-187.4233932681272
352,10352,482.16975698252276
353,10353,125.75266972886025
354,10354,450.69194375218734
355,10355,216.17619018208188
356,10356,34.3419357193053
357,10357,57.51145596121587
358,10358,-211.41949894712664
359,10359,49.76249180949305
360,10360,76.1110402075838
361,10361,-29.196254490440314
362,10362,33.048958528736364
363,10363,364.5627121631002
364,10364,234.4828098731534
365,10365,-21.796554859092357
366,10366,-476.93787704780135
367,10367,43.56765899304609
368,10368,-310.9572136651708
369,10369,-46.9411162260373
370,10370,181.1955810713361
371,10371,-214.96242982007183
372,10372,-80.22706031522243
373,10373,841.2082291657399
374,10374,102.3567870858707
375,10375,37.29773804688139
376,10376,77.39818275960256
377,10377,435.79452149369195
378,10378,111.39479265155659
379,10379,-128.829224153874
380,10380,573.0501210583958
381,10381,48.60246807791164
382,10382,-68.5541465921883
383,10383,56.68162450583015
384,10384,-360.3099319994401
385,10385,131.90192283450418
386,10386,-264.5258976334306
387,10387,-378.7932497249936
388,10388,-190.09929259976647
389,10389,862.9152130409639
390,10390,159.57649666231165
391,10391,514.0204635801458
392,10392,61.387667803407865
393,10393,720.8758958326599
394,10394,-450.97673103980253
395,10395,105.89444211999687
396,10396,-27.5326030440036
397,10397,-23.435561966771182
398,10398,331.2059982949475
399,10399,-156.0245639482403
400,10400,0.9477018385606896
401,10401,17.232405165319133
402,10402,143.23908417021292
403,10403,53.22645139074784
404,10404,41.01334926979475
405,10405,-129.39255146834745
406,10406,430.9165210459311
407,10407,-427.90961965735585
408,10408,49.11400485209256
409,10409,-221.64758038918865
410,10410,-313.75971218685
411,10411,115.2445224470693
412,10412,96.10097204453518
413,10413,-399.91598494242163
414,10414,-8.411407923563912
415,10415,733.1841324374712
416,10416,-332.42676649165156
417,10417,83.67612042194455
418,10418,339.79274865544227
419,10419,-35.11570131451471
420,10420,38.20433543387772
421,10421,-606.1984890559304
422,10422,194.27285338946203
423,10423,155.03155116158197
424,10424,-111.25647787348214
425,10425,-63.33937163651645
426,10426,403.9358187289636
427,10427,690.9194303358615
428,10428,75.78129943645034
429,10429,-340.31540652357603
430,10430,-195.76159542698093
431,10431,40.44513870875424
432,10432,-137.6541879602925
433,10433,-95.674796589545
434,10434,290.8435378725041
435,10435,568.4646813472783
436,10436,351.2186507540757
437,10437,194.71516658168431
438,10438,-312.1508420871945
439,10439,-518.3107868724488
440,10440,-80.75158048061431
441,10441,-109.91053830578542
442,10442,491.41083647519696
443,10443,371.485144860494
444,10444,343.8566446684357
445,10445,114.60785397368302
446,10446,-315.20442190988314
447,10447,83.10396509306989
448,10448,-82.59915101774247
449,10449,-182.21902722527713
450,10450,-294.91729245130404
451,10451,-294.21055531486945
452,10452,611.547041735652
453,10453,-34.756134103591926
454,10454,-115.04157690057782
455,10455,263.27933790237785
456,10456,346.0565120928389
457,10457,194.61161526911104
458,10458,257.3561496384943
459,10459,-303.2080949271163
460,10460,-173.19591085705866
461,10461,-88.53983448578347
462,10462,137.60161200011427
463,10463,337.0486492780671
464,10464,155.72523460362714
465,10465,-250.2907929052397
466,10466,148.06340015143442
467,10467,333.68218860937685
468,10468,-260.3363923834269
469,10469,340.3079092279151
470,10470,224.68535571269575
471,10471,-607.2797170619319
472,10472,-54.859592940917985
473,10473,-685.0910817258438
474,10474,268.2582707785936
475,10475,108.79743563388311
476,10476,-233.16761717272152
477,10477,115.89088157850374
478,10478,75.2887546149845
479,10479,312.58695394034254
480,10480,78.42590704679493
481,10481,-509.630796439584
482,10482,142.15294578474683
483,10483,-567.6096744598851
484,10484,99.19784411012964
485,10485,181.7656936468099
486,10486,-27.407098394358865
487,10487,-646.8210508159776
488,10488,-261.6328162502987
489,10489,-398.8768891978151
490,10490,-259.4107520561836
491,10491,-252.05740356799097
492,10492,-25.647967227333535
493,10493,-479.3579494231414
494,10494,109.9106861902196
495,10495,161.94257969114022
496,10496,-436.80717423975597
497,10497,-66.01220442256913
498,10498,-73.6053826540711
499,10499,51.002739446194816
500,10500,7.609681032164577
501,10501,-38.390486731083975
502,10502,493.5959706069295
503,10503,-303.4490805444867
504,10504,285.3630587606863
505,10505,236.93082121946415
506,10506,-112.90288738209145
507,10507,-104.91639705404594
508,10508,70.11071172015303
509,10509,-334.40218077461844
510,10510,-526.1520613513328
511,10511,26.695126681541527
512,10512,16.625076878907173
513,10513,-282.62391868623985
514,10514,-156.764389223249
515,10515,-368.70385240105577
516,10516,87.26698388397298
517,10517,9.621961449395148
518,10518,159.33855433395
519,10519,737.835436190072
520,10520,-63.525614896838604
521,10521,253.39234540406838
522,10522,-195.47926226047971
523,10523,-233.60406275700703
524,10524,672.0430027603306
525,10525,161.02647811634077
526,10526,-86.92388588378273
527,10527,767.4499376317871
528,10528,300.1434547015417
529,10529,-264.63326212053147
530,10530,506.8069224983686
531,10531,413.73257578606075
532,10532,-227.95565420458755
533,10533,270.7218219182459
534,10534,166.27214538843157
535,10535,467.8359469952982
536,10536,691.0141927413331
537,10537,-235.19550162577445
538,10538,-204.49475633783587
539,10539,235.56549902567036
540,10540,481.50822898950327
541,10541,-404.2863716261713
542,10542,499.6345988790238
543,10543,-280.42362428355824
544,10544,349.63535701277425
545,10545,56.279218559326246
546,10546,377.7838241995523
547,10547,58.2392941250823
548,10548,424.29981217464893
549,10549,85.80041244154769
550,10550,-252.9928885245906
551,10551,172.86784495502133
552,10552,-190.10660020571586
553,10553,306.96428652366995
554,10554,-179.11766493342492
555,10555,-155.77590494004883
556,10556,-208.75257057910963
557,10557,-257.42597802041763
558,10558,-187.88708045784443
559,10559,178.95968589803275
560,10560,769.2994246067672
561,10561,131.45400495646348
562,10562,-86.33605847725556
563,10563,-440.7896941287991
564,10564,522.2063378416934
565,10565,74.26044537058812
566,10566,-273.34519080824913
567,10567,23.88548320272233
568,10568,-140.88619011673742
569,10569,337.4418933254646
570,10570,63.42512024403256
571,10571,-78.12104360563907
572,10572,-209.41596150610792
573,10573,-354.3022169957901
574,10574,261.54958940727454
575,10575,252.78475303502236
576,10576,415.33279349639815
577,10577,-341.41062177496303
578,10578,-101.54306561728944
579,10579,-82.98003734434701
580,10580,-146.19185945083157
581,10581,-400.9570095088509
582,10582,114.68810161530757
583,10583,-318.4094491728419
584,10584,-27.12865111315261
585,10585,253.3920635503232
586,10586,-15.161597235909229
587,10587,490.2763101566994
588,10588,67.16055415516013
589,10589,-583.653630160663
590,10590,566.8292227808805
591,10591,-659.7840206113425
592,10592,-280.34458657663134
593,10593,-618.4849576034651
594,10594,-403.0815217720832
595,10595,52.58079586777668
596,10596,154.13724781790623
597,10597,-187.1872458864584
598,10598,45.06432286401832
599,10599,389.8698024589776
600,10600,497.4944277009734
601,10601,-172.60466145697
602,10602,-199.48804830691236
603,10603,146.33213540458775
604,10604,-745.9314211823655
605,10605,-230.93578234679643
606,10606,-157.73768823510534
607,10607,170.55585672160598
608,10608,58.5281957912742
609,10609,21.778235377084144
610,10610,-33.845432388595
611,10611,527.0115321450187
612,10612,370.3597932478221
613,10613,-83.708849293367
614,10614,-297.86678182751825
615,10615,379.6300416409043
616,10616,-194.499818678864
617,10617,-59.081154239240014
618,10618,-59.05074145608495
619,10619,-265.7953310406411
620,10620,-488.324214844964
621,10621,-28.133316815095547
622,10622,-110.89724251664016
623,10623,642.5198198743141
624,10624,-25.104958245574643
625,10625,368.2746547201476
626,10626,274.7992135270428
627,10627,416.5261293363846
628,10628,110.57324867984353
629,10629,561.3783520521674
630,10630,497.1437621157777
631,10631,-201.60987734450958
632,10632,-370.05229826158836
633,10633,731.0573724235975
634,10634,-380.13707915516903
635,10635,-200.60251550521
636,10636,272.0860118937547
637,10637,269.8405899107628
638,10638,-243.56399508534494
639,10639,-80.64209434586863
640,10640,-467.97701289855416
641,10641,384.10330917171495
642,10642,-158.5146407643814
643,10643,-321.14290897908216
644,10644,-72.30709812158375
645,10645,244.8965010486315
646,10646,-111.7668798992771
647,10647,-71.30354161628625
648,10648,-97.14900534513917
649,10649,387.99285294446395
650,10650,134.0797608254547
651,10651,-372.72453971834545
652,10652,-153.8973489141058
653,10653,376.0557246783071
654,10654,-45.066999727281804
655,10655,29.111024201618083
656,10656,-164.38841371392525
657,10657,291.380287557024
658,10658,-389.6429089892473
659,10659,-145.45381366072786
660,10660,276.5061419927237
661,10661,-134.09381091719064
662,10662,82.94811155481183
663,10663,143.7733706105278
664,10664,230.85377823040832
665,10665,649.8980469913488
666,10666,188.1001141039924
667,10667,170.7722161437633
668,10668,-533.8474844790474
669,10669,-516.1349688253719
670,10670,-356.7869746721653
671,10671,480.90374320564854
672,10672,-54.53599296167665
673,10673,-272.66057204037986
674,10674,-89.16369341976642
675,10675,-97.40004082496225
676,10676,-264.2980377506255
677,10677,-558.8516759610408
678,10678,-18.223173989824442
679,10679,238.68337858798097
680,10680,-107.49682687897567
681,10681,-439.7371496922751
682,10682,-366.08737762045035
683,10683,540.4744022919011
684,10684,-335.9192295399907
685,10685,128.984813646624
686,10686,-360.4650592778847
687,10687,-211.01458656820026
688,10688,115.70383605399762
689,10689,-723.633356224772
690,10690,380.89392210560965
691,10691,24.30096980575404
692,10692,-145.3876145274096
693,10693,-157.28295617853811
694,10694,134.10336003673106
695,10695,215.9571007711638
696,10696,-310.2061637343902
697,10697,18.01888369384284
698,10698,-287.169694729657
699,10699,-244.82888943623973
700,10700,-126.15190632103064
701,10701,-276.851033697201
702,10702,-63.90282319538482
703,10703,-268.29074198436456
704,10704,80.99060618707693
705,10705,135.4919764914787
706,10706,265.8617173707379
707,10707,290.1533893185742
708,10708,72.85750706987712
709,10709,-88.6450183828438
710,10710,-562.5238017086139
711,10711,-257.9685916645934
712,10712,-88.3281877322766
713,10713,-608.9048913545771
714,10714,16.64812984686848
715,10715,-117.99664144508728
716,10716,244.48813585825118
717,10717,60.96132064652662
718,10718,640.8504726114285
719,10719,15.073592658661795
720,10720,135.00644430477368
721,10721,39.52337453323188
722,10722,86.4456057413438
723,10723,20.337654615454404
724,10724,217.44242023198032
725,10725,-8.574845990248175
726,10726,172.39758731739974
727,10727,-326.00374877329153
728,10728,347.5813407240384
729,10729,128.95803909114758
730,10730,-379.7500886129546
731,10731,-134.70695705662683
732,10732,153.5688851434226
733,10733,-72.12278608897083
734,10734,183.30848830572728
735,10735,-456.53877619138075
736,10736,152.27530162599578
737,10737,-20.658280599070554
738,10738,245.62232835465804
739,10739,776.4009728233572
740,10740,-320.1434529602256
741,10741,-479.319708284778
742,10742,-69.75434860290736
743,10743,-372.01045319605083
744,10744,397.2822473818073
745,10745,94.97293025154126
746,10746,-545.8700939849762
747,10747,92.71733084803317
748,10748,456.62324679869675
749,10749,140.33519629204037
750,10750,-542.6167845034428
751,10751,33.256178473056174
752,10752,237.5455531193671
753,10753,-260.514780603774
754,10754,-227.74117804894547
755,10755,-18.374207944644176
756,10756,357.2320793577919
757,10757,234.16866322379445
758,10758,309.0494908647165
759,10759,109.41620907267996
760,10760,297.0462771953378
761,10761,431.28271868977333
762,10762,-285.902754151685
763,10763,-461.12318506056437
764,10764,458.8411685202926
765,10765,-35.132478657934705
766,10766,-138.9667786727804
767,10767,435.87811135413955
768,10768,-327.5517324812431
769,10769,-16.175842225601876
770,10770,32.687383150970874
771,10771,-143.11036093613356
772,10772,-82.91163796819322
773,10773,-26.395849579089454
774,10774,-295.9065424837707
775,10775,-300.94455130927787
776,10776,-157.03746176056234
777,10777,-444.10542517056876
778,10778,55.542959233744746
779,10779,136.0957334337385
780,10780,-59.934234414137514
781,10781,774.7869393558562
782,10782,-291.8214694025428
783,10783,449.6545133580529
784,10784,-231.2008249130525
785,10785,88.18058840405189
786,10786,511.68238161594616
787,10787,27.69891399185488
788,10788,69.71900343078599
789,10789,-684.0304286748215
790,10790,-181.16575418910665
791,10791,-592.2856835316283
792,10792,-326.3723044913686
793,10793,527.5739554313378
794,10794,-175.98223228892562
795,10795,555.3273243262518
796,10796,-40.062192569476984
797,10797,-242.90961184425734
798,10798,466.47500983221
799,10799,209.7265782177996
800,10800,112.47399028633865
801,10801,655.959709211274
802,10802,-253.6728820136523
803,10803,-143.14006436902653
804,10804,261.9090334491253
805,10805,-51.43052462098875
806,10806,-646.5343714931221
807,10807,-114.11730645512866
808,10808,126.14931118008043
809,10809,204.5934628589966
810,10810,-300.393613658314
811,10811,-415.6867458895393
812,10812,6.449152884280994
813,10813,72.80107777482907
814,10814,160.66087208145294
815,10815,249.3116892918181
816,10816,-248.28534524656297
817,10817,7.830629922613334
818,10818,-466.3838270166604
819,10819,290.1514440446014
820,10820,-309.0332065633406
821,10821,528.6916611956277
822,10822,372.49384793225374
823,10823,-328.0862663096857
824,10824,-94.65873407725078
825,10825,55.569194140457874
826,10826,67.34382419031711
827,10827,-533.668381249131
828,10828,-128.1086335034482
829,10829,-542.9948584464204
830,10830,54.63463967257978
831,10831,182.66043483267904
832,10832,-41.29948573089256
833,10833,652.8127633917363
834,10834,-336.9657807378886
835,10835,99.96282019773794
836,10836,811.7900163367076
837,10837,-346.2521160652996
838,10838,103.6908796009846
839,10839,487.7360812633337
840,10840,120.89569101399083
841,10841,-324.3296740543683
842,10842,-136.4121297121456
843,10843,-41.92443003097675
844,10844,282.7029865802333
845,10845,345.62032897020487
846,10846,124.69798534752391
847,10847,-206.11335283373484
848,10848,155.9399858321413
849,10849,-443.767229943385
850,10850,-273.34300340059764
851,10851,195.95033081854623
852,10852,-30.690040851399857
853,10853,86.56778659815292
854,10854,-312.21136188949697
855,10855,41.00524696145843
856,10856,307.6751801999471
857,10857,532.9059494214056
858,10858,260.16168056338097
859,10859,362.0055075337366
860,10860,101.32898120196691
861,10861,38.441296139893566
862,10862,20.26767475390326
863,10863,117.44024988074578
864,10864,573.6911827078571
865,10865,-507.59205851450196
866,10866,-211.76962671045683
867,10867,-78.39989740428213
868,10868,-319.5737676595744
869,10869,-267.4465644183344
870,10870,-780.857031967624
871,10871,50.22998055644355
872,10872,-298.5490108171665
873,10873,23.39238652311792
874,10874,-76.29059741014888
875,10875,-257.59747046425395
876,10876,171.56436509796603
877,10877,-121.60078316249046
878,10878,-451.3737768554303
879,10879,81.13533884268311
880,10880,-212.5524931714268
881,10881,-3.534927229095281
882,10882,-408.2554810001867
883,10883,-158.6513319446571
884,10884,238.3983420161321
885,10885,-133.03572327369844
886,10886,-266.0840826060645
887,10887,247.74270438194768
888,10888,347.96654428323757
889,10889,-511.3152428108671
890,10890,21.81587121501915
891,10891,-163.8414096422907
892,10892,-472.5608363970495
893,10893,-365.0082671512372
894,10894,272.43713793224055
895,10895,92.37376374891532
896,10896,491.8081456846516
897,10897,-200.0360581358106
898,10898,144.31490824987452
899,10899,-554.3580524200008
900,10900,-449.35755789415896
901,10901,565.0154801799606
902,10902,446.31875807462154
903,10903,309.6973881874141
904,10904,282.92794140775277
905,10905,176.19762818996767
906,10906,-315.1418517603807
907,10907,612.3377931152997
908,10908,274.25223124773163
909,10909,-19.436173058564535
910,10910,404.6254477705252
911,10911,47.2664814269854
912,10912,101.89624080960552
913,10913,98.14809562777748
914,10914,-231.35258244372156
915,10915,136.3361231916431
916,10916,-150.31005926794873
917,10917,461.19954997878955
918,10918,145.69015888427217
919,10919,-405.82374187555985
920,10920,-405.55256587509825
921,10921,213.67394365056091
922,10922,-204.80364027314377
923,10923,-118.57063791050957
924,10924,675.230264829073
925,10925,145.1619878685334
926,10926,489.6870020199624
927,10927,-173.76557459369266
928,10928,89.69168465283649
929,10929,239.01179154231016
930,10930,-68.18000068660268
931,10931,93.66677561513208
932,10932,-196.55301722008446
933,10933,-711.7534447200957
934,10934,-104.15023991148873
935,10935,55.73003950122977
936,10936,74.2403505847868
937,10937,625.7495908769065
938,10938,234.98688486875386
939,10939,221.5929479387569
940,10940,61.93159175679418
941,10941,239.7364483344373
942,10942,-21.33808181831698
943,10943,180.16473629709088
944,10944,14.918627995498968
945,10945,-374.86568834825164
946,10946,-397.5149288584036
947,10947,114.66690843216219
948,10948,-269.6162287989425
949,10949,0.13921221449021046
950,10950,-34.594846760692526
951,10951,72.73402122668035
952,10952,-188.80556313903816
953,10953,-365.5336719234542
954,10954,-67.59552255426595
955,10955,19.501170139180147
956,10956,212.78259013823495
957,10957,170.72284688263196
958,10958,48.7560558820193
959,10959,-239.44652279164717
960,10960,409.738205155179
961,10961,399.8680056503103
962,10962,18.69310045997669
963,10963,165.76697195984383
964,10964,-124.3894534967112
965,10965,54.99452321278783
966,10966,640.4320745648707
967,10967,7.578792735556237
968,10968,-265.0476304100115
969,10969,1.6927330910946483
970,10970,18.517133621268524
971,10971,-248.85163930169327
972,10972,106.8619315465086
973,10973,251.63914312091006
974,10974,133.83773953640713
975,10975,-358.2669613769319
976,10976,426.26144731764333
977,10977,71.97842246974075
978,10978,-322.0875596252216
979,10979,438.84026750159455
980,10980,-40.13211449134151
981,10981,283.8035686529261
982,10982,-487.90619533258763
983,10983,-86.93302825214958
984,10984,-470.85015109169035
985,10985,73.14648277315263
986,10986,-688.3900989408003
987,10987,392.4785675660409
988,10988,-328.6310374955381
989,10989,149.39160063469114
990,10990,321.79311476060667
991,10991,584.3930870450637
992,10992,206.75729570024887
993,10993,36.54822599700837
994,10994,-37.77828521118802
995,10995,-551.0517094651386
996,10996,-107.85120387757064
997,10997,-176.8060279535323
998,10998,-356.8894911731827
999,10999,418.4145841124784
1000,11000,-26.133496016983067
1001,11001,-213.90951362803014
1002,11002,246.5797888198779
1003,11003,-32.011024949712606
1004,11004,-126.73258849582544
1005,11005,26.914491557620355
1006,11006,198.92197376295263
1007,11007,-18.84355441470691
1008,11008,-119.51484607642205
1009,11009,-389.90376053107434
1010,11010,-149.50928607147992
1011,11011,-308.96203021469455
1012,11012,-478.777160413754
1013,11013,-616.7291412522809
1014,11014,-25.890829611384873
1015,11015,-133.17659031686296
1016,11016,-633.0587252293209
1017,11017,-32.263294745607865
1018,11018,28.79581958169393
1019,11019,-290.00132364066184
1020,11020,-168.0249653920025
1021,11021,-173.84102001973864
1022,11022,107.2795541516649
1023,11023,278.32878520700064
1024,11024,164.73665181591352
1025,11025,596.7860199506167
1026,11026,737.7802177171235
1027,11027,-57.044398703886955
1028,11028,-20.381913027885062
1029,11029,193.11140830024652
1030,11030,150.9524222036823
1031,11031,-340.8779258558668
1032,11032,207.55657024653763
1033,11033,-27.674726125891635
1034,11034,-146.95165736571332
1035,11035,-121.88066829612602
1036,11036,144.47950532989145
1037,11037,333.20953167889667
1038,11038,-452.51312096804656
1039,11039,-208.53684674422328
1040,11040,265.8449475236097
1041,11041,-86.19645950050135
1042,11042,-456.01061792236374
1043,11043,-377.73004720142734
1044,11044,277.55668897045547
1045,11045,-98.2881655686445
1046,11046,-258.6774182328505
1047,11047,508.5130216465923
1048,11048,-27.829466767413773
1049,11049,-397.83822522418836
1050,11050,27.29423154804289
1051,11051,55.46090696291158
1052,11052,86.52443961502716
1053,11053,-417.71826706416704
1054,11054,265.0746921743704
1055,11055,126.49537980057377
1056,11056,-731.2337998933448
1057,11057,26.768529070431732
1058,11058,15.17242496547218
1059,11059,603.149177053962
1060,11060,-68.51036908575976
1061,11061,-630.158849738927
1062,11062,391.43989504517134
1063,11063,191.26739771271417
1064,11064,-82.79915889804484
1065,11065,874.2798355716835
1066,11066,130.10220965607968
1067,11067,24.825257629838816
1068,11068,10.015684555529955
1069,11069,407.553551950986
1070,11070,184.9337224498376
1071,11071,699.4013403550853
1072,11072,12.874182171248925
1073,11073,-569.7950312054749
1074,11074,-60.61826753027256
1075,11075,-96.58944292586133
1076,11076,19.660708357383616
1077,11077,30.22596905006665
1078,11078,-107.06858214835727
1079,11079,-23.448153023309047
1080,11080,-16.563489755113753
1081,11081,18.76731799858688
1082,11082,145.95038182220594
1083,11083,-428.10275660092117
1084,11084,-158.17477611037322
1085,11085,-44.37808089678735
1086,11086,-411.29977054483027
1087,11087,218.4210180820252
1088,11088,141.24530784475235
1089,11089,316.63475597059147
1090,11090,93.68023982535564
1091,11091,154.16405402565476
1092,11092,-132.92025023590992
1093,11093,-293.87357139530724
1094,11094,485.30634558787705
1095,11095,-271.22948150685596
1096,11096,373.3831471784339
1097,11097,-359.66959875632955
1098,11098,-459.9923044506962
1099,11099,209.0536985232839
1100,11100,46.740083514876105
1101,11101,-767.8965435991805
1102,11102,-153.96946682570652
1103,11103,-66.68289246156864
1104,11104,-15.944035080887186
1105,11105,16.075984344999924
1106,11106,157.03893670157376
1107,11107,585.6578635592922
1108,11108,-259.63810597939306
1109,11109,264.4864666930864
1110,11110,171.55865069952847
1111,11111,182.06572554508455
1112,11112,-336.8833733608908
1113,11113,-403.2385387031544
1114,11114,114.57772510795664
1115,11115,161.83644349638934
1116,11116,-628.0447010001049
1117,11117,242.01175305538757
1118,11118,362.863036117655
1119,11119,60.71370640424412
1120,11120,-359.31123121325845
1121,11121,-379.0818795057259
1122,11122,237.83778494978847
1123,11123,-293.4175091399266
1124,11124,-397.45137920298345
1125,11125,159.58885605132684
1126,11126,365.0374752135965
1127,11127,-720.6128464897371
1128,11128,500.16486577148464
1129,11129,-11.2658100061641
1130,11130,-69.35501502523731
1131,11131,250.8656215596784
1132,11132,-169.30678540802472
1133,11133,120.43720692692672
1134,11134,-39.953157825393106
1135,11135,-520.8790659997453
1136,11136,-631.1061053453736
1137,11137,-189.45128724586792
1138,11138,73.57078736644348
1139,11139,39.638131936282285
1140,11140,-459.8374387751045
1141,11141,4.029071723496383
1142,11142,-197.4488996568182
1143,11143,62.38974256914565
1144,11144,-186.44535236927092
1145,11145,-133.60822019560135
1146,11146,305.0229789528646
1147,11147,-46.022467592145595
1148,11148,-42.28147598500785
1149,11149,-174.6134231397806
1150,11150,-221.81742427816775
1151,11151,-177.58255371476776
1152,11152,-1.6457791602113667
1153,11153,92.19561472892663
1154,11154,380.6366433481236
1155,11155,5.176285533507249
1156,11156,-43.264137860360535
1157,11157,138.56909768313471
1158,11158,-644.2373399718074
1159,11159,-264.0526485409821
1160,11160,388.07711133595353
1161,11161,-314.5755039675315
1162,11162,68.59577885369711
1163,11163,313.9025059586702
1164,11164,-174.13638000550097
1165,11165,75.24506091716607
1166,11166,-48.30049653479208
1167,11167,366.3281349305423
1168,11168,-300.95317522452024
1169,11169,52.295474972807305
1170,11170,199.76450852884628
1171,11171,-291.45213888117826
1172,11172,-221.255257141951
1173,11173,-347.63373665011375
1174,11174,-203.16973722566004
1175,11175,-377.9229754446047
1176,11176,-39.059901238721295
1177,11177,-27.65770898692308
1178,11178,-4.840069011084358
1179,11179,387.6931701816727
1180,11180,173.07521100861607
1181,11181,932.2704016789729
1182,11182,-79.75948934966328
1183,11183,140.83197737225052
1184,11184,39.68402985812705
1185,11185,443.52420804431364
1186,11186,342.3599487202398
1187,11187,-137.85795258406375
1188,11188,596.3305304911731
1189,11189,207.6469264235077
1190,11190,-628.744469689729
1191,11191,498.5177064988451
1192,11192,-157.93924874004875
1193,11193,351.10783976574226
1194,11194,21.71133353560003
1195,11195,-147.85882005549394
1196,11196,204.5724627492825
1197,11197,29.47461824941331
1198,11198,121.43392964124497
1199,11199,-565.6199353865666
1200,11200,-229.6105869585274
1201,11201,-46.804477108742475
1202,11202,686.9993413504841
1203,11203,-439.3760081383571
1204,11204,-564.3067809262279
1205,11205,-449.4452387206122
1206,11206,-187.0133755779534
1207,11207,63.71447075230612
1208,11208,226.53217961129076
1209,11209,-238.26195886607576
1210,11210,8.031752667966202
1211,11211,-360.6886941851462
1212,11212,-123.99311613868825
1213,11213,-388.86461946300386
1214,11214,21.02586263144606
1215,11215,-301.5018712563045
1216,11216,215.87740831289662
1217,11217,403.5102100497998
1218,11218,435.6976033569265
1219,11219,-107.10092088372218
1220,11220,186.04692078373625
1221,11221,347.56948473980583
1222,11222,258.81395911530603
1223,11223,-431.3756614817953
1224,11224,-169.35938198101974
1225,11225,106.3866800430386
1226,11226,11.406343347778739
1227,11227,362.5962040295643
1228,11228,-602.207354091148
1229,11229,707.5559184457967
1230,11230,202.17491878205476
1231,11231,-50.33711976765652
1232,11232,-170.32942345324852
1233,11233,-33.311370903949324
1234,11234,194.42983492011575
1235,11235,-358.58935096740686
1236,11236,-212.2653532691776
1237,11237,-291.4211038222635
1238,11238,295.5576189497125
1239,11239,-278.9733872730833
1240,11240,23.65365330011055
1241,11241,-64.46361090683963
1242,11242,-550.5130672413408
1243,11243,541.343269752475
1244,11244,95.06333041131292
1245,11245,14.59820737463318
1246,11246,108.60883519127079
1247,11247,-390.9747091142427
1248,11248,358.6664196609003
1249,11249,-656.7373713546342
1250,11250,39.621704040649696
1251,11251,-112.10781397641865
1252,11252,-3.996618183604248
1253,11253,-399.3487785294676
1254,11254,-189.94215830266887
1255,11255,25.70500325461901
1256,11256,-514.3423090508971
1257,11257,42.90338899647147
1258,11258,-18.9326524215648
1259,11259,-109.3230964996574
1260,11260,-32.89909171394753
1261,11261,-543.8120026538543
1262,11262,402.3710870309697
1263,11263,36.244315379427256
1264,11264,228.30407580009478
1265,11265,346.38302227713706
1266,11266,-401.222706990685
1267,11267,54.05719773136549
1268,11268,6.86223334808325
1269,11269,-3.812080565892745
1270,11270,-445.45149197388895
1271,11271,162.08751874326867
1272,11272,176.36752501387227
1273,11273,-516.9719819284383
1274,11274,189.9931600934898
1275,11275,-164.45712796519342
1276,11276,174.20994712832754
1277,11277,-510.0297763148845
1278,11278,174.78488510987228
1279,11279,-352.7463243272845
1280,11280,-145.46097708961722
1281,11281,456.97186117066354
1282,11282,-463.5148906726288
1283,11283,-363.5842764043936
1284,11284,-157.84808228490263
1285,11285,-195.36060962026158
1286,11286,152.04068775685505
1287,11287,-197.0922676688177
1288,11288,36.4809653687197
1289,11289,993.2248779784699
1290,11290,-387.0287931868165
1291,11291,-6.616510882802443
1292,11292,-272.06886088584093
1293,11293,-138.59954551011197
1294,11294,-105.03944861260005
1295,11295,-21.52952440472355
1296,11296,91.05719915023028
1297,11297,-65.79119714947204
1298,11298,164.47287710093693
1299,11299,-17.997827027464275
1300,11300,783.8866597139156
1301,11301,-339.23112472431353
1302,11302,-196.4845636178358
1303,11303,357.21849540968384
1304,11304,186.31062521156858
1305,11305,138.09410368403215
1306,11306,-11.632461477737198
1307,11307,175.80916373420328
1308,11308,-224.61734983236312
1309,11309,68.8557964118677
1310,11310,201.21113139003893
1311,11311,257.8711428771629
1312,11312,-432.8705595172993
1313,11313,-893.9998008184411
1314,11314,671.8650784658589
1315,11315,-143.3726491912169
1316,11316,622.2386586662826
1317,11317,179.3844262904717
1318,11318,553.774408891907
1319,11319,133.39922116403966
1320,11320,-278.7634418316655
1321,11321,-316.62804095298554
1322,11322,503.4156628826665
1323,11323,282.68713599665676
1324,11324,-192.34979075415202
1325,11325,-266.5062159351743
1326,11326,28.442092691972558
1327,11327,-502.8106644889358
1328,11328,-284.8971678177408
1329,11329,334.32539610270527
1330,11330,131.85559421631172
1331,11331,-163.06900527506977
1332,11332,207.69781044505186
1333,11333,84.5377553554181
1334,11334,26.259629066102864
1335,11335,-255.92213730636666
1336,11336,51.28290274248187
1337,11337,-102.04962146231293
1338,11338,160.43430410628542
1339,11339,285.3933559563099
1340,11340,-58.84096452168183
1341,11341,103.10534910666028
1342,11342,-294.3112930187341
1343,11343,376.9074907782752
1344,11344,69.80186693396941
1345,11345,866.0001885226108
1346,11346,-39.37289658053913
1347,11347,64.61420289331807
1348,11348,-169.65603416906663
1349,11349,-545.1873976320014
1350,11350,-61.769636847537306
1351,11351,-497.3202845338077
1352,11352,462.29111052928886
1353,11353,-153.2691425095551
1354,11354,-206.00694145910444
1355,11355,-139.67967903899998
1356,11356,-86.31603500008454
1357,11357,589.4439429065616
1358,11358,213.3916236546718
1359,11359,160.84269205249936
1360,11360,189.14311879095595
1361,11361,-353.62333168120466
1362,11362,-195.46146888134965
1363,11363,-130.97048784757058
1364,11364,-411.8978482107093
1365,11365,339.53611096103685
1366,11366,278.70802857875617
1367,11367,262.5393308909956
1368,11368,-182.31524737855935
1369,11369,312.5925398843077
1370,11370,292.50696602849126
1371,11371,-191.39812913021598
1372,11372,97.19896589042868
1373,11373,-323.06245196934924
1374,11374,-641.6335236830935
1375,11375,34.40431778594181
1376,11376,332.61463954493956
1377,11377,374.39429080114434
1378,11378,79.74057443698302
1379,11379,-175.66454148011763
1380,11380,161.8497799905451
1381,11381,247.7096272690805
1382,11382,90.73858219235925
1383,11383,406.9195427827261
1384,11384,-128.29338404491477
1385,11385,131.27330755535635
1386,11386,729.3094416276264
1387,11387,721.9516507762643
1388,11388,-177.94000063372454
1389,11389,709.5229020169675
1390,11390,68.4418279462768
1391,11391,-488.0481067137058
1392,11392,152.74593914617543
1393,11393,-239.25028478333593
1394,11394,-147.28095714479608
1395,11395,-45.208318575646835
1396,11396,-222.12449344542802
1397,11397,-332.6152838819188
1398,11398,-119.36737582300543
1399,11399,411.59761537416585
1400,11400,165.3828837539901
1401,11401,488.2754656867208
1402,11402,224.1448993009885
1403,11403,57.123193278739805
1404,11404,264.665020197873
1405,11405,-126.75098294470887
1406,11406,-376.20602059400903
1407,11407,48.7913739177848
1408,11408,420.19806400514165
1409,11409,-415.55963971310854
1410,11410,-45.072678714989266
1411,11411,-169.48557453543282
1412,11412,744.963322661383
1413,11413,-534.1845713199511
1414,11414,-151.03112809100884
1415,11415,577.9358654693673
1416,11416,46.726387390609986
1417,11417,311.5540818056213
1418,11418,357.3063765881063
1419,11419,265.41273843983987
1420,11420,-253.5973690253513
1421,11421,-473.8813440500312
1422,11422,12.688444605876393
1423,11423,-132.5642669004883
1424,11424,72.47381920347854
1425,11425,217.4358052292242
1426,11426,-335.77852011220784
1427,11427,-262.20462447685355
1428,11428,95.51698320910141
1429,11429,-209.18192024536086
1430,11430,456.635673492344
1431,11431,308.4305601974663
1432,11432,-28.85373112568167
1433,11433,-358.5178471510819
1434,11434,128.31172677442635
1435,11435,145.62472438145969
1436,11436,95.66700803418391
1437,11437,268.28354091308154
1438,11438,-466.92441624646574
1439,11439,-314.32094969127036
1440,11440,344.74066488627915
1441,11441,220.70755813671084
1442,11442,-578.4755239012413
1443,11443,174.80907811479486
1444,11444,399.94148396073376
1445,11445,732.6720966332527
1446,11446,667.3027303329159
1447,11447,-63.09651298272066
1448,11448,245.9065220289217
1449,11449,21.730193019490663
1450,11450,-248.65264042472648
1451,11451,-197.04075505174038
1452,11452,-282.0464722650839
1453,11453,-81.15238925755492
1454,11454,52.36536160378584
1455,11455,-2.257126778134304
1456,11456,-758.8756116063793
1457,11457,213.4914591224901
1458,11458,-169.271478263975
1459,11459,184.7202886520139
1460,11460,256.5643049747529
1461,11461,-63.248897776519996
1462,11462,-272.7178718373251
1463,11463,135.79446347148937
1464,11464,455.78074339530696
1465,11465,-129.35637652171815
1466,11466,62.87337039221894
1467,11467,-386.85293789480426
1468,11468,267.2276588361111
1469,11469,287.2411869226291
1470,11470,-52.099728652585874
1471,11471,76.4069566483914
1472,11472,-138.16215089738023
1473,11473,203.5561486423061
1474,11474,15.488711020265136
1475,11475,-5.968082516968588
1476,11476,-31.644142590969032
1477,11477,221.56630230692505
1478,11478,-687.0023182063183
1479,11479,483.7842231435423
1480,11480,958.022379088074
1481,11481,191.59606092931196
1482,11482,-58.58970557453641
1483,11483,259.4623062040446
1484,11484,-6.316757561911845
1485,11485,-270.2884690000892
1486,11486,-772.4642296251154
1487,11487,-146.46331926199792
1488,11488,-37.781460993014704
1489,11489,331.5519575822501
1490,11490,570.4745741117815
1491,11491,-182.59989627575283
1492,11492,-356.09408660693884
1493,11493,84.14295121036325
1494,11494,-115.72664179916734
1495,11495,431.8983819954104
1496,11496,-39.02760836085619
1497,11497,28.163383062947336
1498,11498,-54.063853433293694
1499,11499,-259.96553784016356
1500,11500,157.69687820480874
1501,11501,-451.57353618095465
1502,11502,482.5565048687748
1503,11503,242.55694520910103
1504,11504,-588.1137438098037
1505,11505,81.01709689599481
1506,11506,325.406739444032
1507,11507,-22.052235150655104
1508,11508,-296.2785041973319
1509,11509,299.0519135861389
1510,11510,468.2699312239485
1511,11511,-99.60746951487849
1512,11512,5.278085447168151
1513,11513,-101.94715017071009
1514,11514,172.81543496338975
1515,11515,-676.7207529529082
1516,11516,-85.33458519818831
1517,11517,117.54369571648209
1518,11518,-83.62878738830491
1519,11519,179.75562770163546
1520,11520,-83.35296347452845
1521,11521,-21.419178952217454
1522,11522,292.1247462432764
1523,11523,-100.16396087765087
1524,11524,-295.4450782425578
1525,11525,-196.1996154609641
1526,11526,-90.40349798566035
1527,11527,-58.11412409491217
1528,11528,-400.379344697644
1529,11529,236.3271753297149
1530,11530,-312.004890539451
1531,11531,448.8990473727653
1532,11532,202.73550507695373
1533,11533,94.9287545628965
1534,11534,60.24730791750996
1535,11535,-149.4366324908846
1536,11536,406.7833814658024
1537,11537,600.8120265364332
1538,11538,-23.26355946076316
1539,11539,-565.3127069056468
1540,11540,156.44069172561237
1541,11541,648.6215466239546
1542,11542,405.7197964687437
1543,11543,261.80583136930034
1544,11544,22.35608393501739
1545,11545,238.41247473228898
1546,11546,164.56802375270308
1547,11547,-83.34674114858355
1548,11548,209.77491982449433
1549,11549,-198.9743774153073
1550,11550,-78.73473210337379
1551,11551,27.73248810192428
1552,11552,450.3167950749104
1553,11553,-78.31520558005131
1554,11554,-267.63890633380197
1555,11555,348.3318744546586
1556,11556,-404.4550391740687
1557,11557,330.0959394936934
1558,11558,-532.9705587435974
1559,11559,530.1667228331003
1560,11560,-741.0568046410549
1561,11561,478.6495234473415
1562,11562,164.63187921356075
1563,11563,-449.7107531471204
1564,11564,-412.1148110783417
1565,11565,219.1277390751072
1566,11566,-378.6893095030044
1567,11567,368.73338805453363
1568,11568,37.338426958467984
1569,11569,396.493495004054
1570,11570,-29.329794718535403
1571,11571,35.47525183909127
1572,11572,-267.2910755568148
1573,11573,-417.3465797913094
1574,11574,-250.30106527663682
1575,11575,-228.95720009218653
1576,11576,692.2513473375068
1577,11577,-411.1573720657527
1578,11578,482.32117888250184
1579,11579,109.40386922308753
1580,11580,547.6205815138992
1581,11581,179.884265084693
1582,11582,-521.579310189511
1583,11583,-0.5366722202081726
1584,11584,-1.3108832742813272
1585,11585,-248.050831456296
1586,11586,-243.0680618201331
1587,11587,199.5673007517018
1588,11588,381.32404325693335
1589,11589,-393.1688038873979
1590,11590,138.23245276134867
1591,11591,34.24105569798938
1592,11592,-4.629154614118369
1593,11593,-151.86193128195995
1594,11594,335.5463722270893
1595,11595,-93.14529808270592
1596,11596,507.75321866389675
1597,11597,-355.46562053382155
1598,11598,143.0897843816092
1599,11599,137.9468840362702
1600,11600,-151.04600604389765
1601,11601,-19.60177369246863
1602,11602,105.84882713406189
1603,11603,-172.78518998126506
1604,11604,482.12726370999775
1605,11605,-267.53917413325644
1606,11606,39.90555578613018
1607,11607,-52.85579653107412
1608,11608,-21.22244673120815
1609,11609,155.37989346108463
1610,11610,-96.06927783501577
1611,11611,-163.17530409699762
1612,11612,-180.36573977355073
1613,11613,-264.6784345235995
1614,11614,171.4279516464375
1615,11615,-11.457713362940801
1616,11616,239.99734190689605
1617,11617,-39.84995383841676
1618,11618,-211.7416065579576
1619,11619,-354.1693561735653
1620,11620,72.47946295208918
1621,11621,306.82020444019423
1622,11622,10.710238479162518
1623,11623,-367.9516429972724
1624,11624,280.9986782848997
1625,11625,607.1342789952022
1626,11626,226.0786669570704
1627,11627,565.9296380146844
1628,11628,-147.76747216989878
1629,11629,-314.03756027490556
1630,11630,-180.0455352520905
1631,11631,51.270977379872605
1632,11632,-118.81984221413579
1633,11633,-258.26062194274687
1634,11634,-229.83713020204425
1635,11635,200.3647586231531
1636,11636,-348.0714175640103
1637,11637,-584.860865972546
1638,11638,-4.929876831026628
1639,11639,-163.44221481669982
1640,11640,87.02751929857038
1641,11641,41.56663504345338
1642,11642,-494.89046377701607
1643,11643,-60.887711202976824
1644,11644,-173.55136971975097
1645,11645,181.26452118021393
1646,11646,-51.325709086771866
1647,11647,43.95099730518173
1648,11648,-517.9818134858798
1649,11649,-355.5526669032853
1650,11650,272.4021668773407
1651,11651,490.630383446973
1652,11652,-37.2347068678216
1653,11653,100.1917811771609
1654,11654,32.264743116670886
1655,11655,342.3839958945959
1656,11656,-274.3839964056714
1657,11657,-461.59948018183815
1658,11658,399.1178188156316
1659,11659,59.94166241926582
1660,11660,-119.02693796298074
1661,11661,-281.70905159749077
1662,11662,-127.62868444831922
1663,11663,-556.5819101778264
1664,11664,-79.37923441221736
1665,11665,-84.28398755174986
1666,11666,-212.8581543336195
1667,11667,72.2985846798123
1668,11668,-416.4589989203822
1669,11669,-151.39277066781878
1670,11670,-112.94325746656801
1671,11671,-386.99760536798294
1672,11672,553.3497133654183
1673,11673,-80.93783458087135
1674,11674,265.6051645120167
1675,11675,498.06450504154674
1676,11676,447.8834076769267
1677,11677,-162.9533886340901
1678,11678,121.20351520651874
1679,11679,106.02342845843225
1680,11680,340.5063554149742
1681,11681,4.314416762780237
1682,11682,-92.64783669165578
1683,11683,-354.1295771288363
1684,11684,214.00747653242456
1685,11685,-345.69142874226134
1686,11686,-271.80220862911716
1687,11687,426.3090773781535
1688,11688,-37.7575071705214
1689,11689,-180.46345723783523
1690,11690,-97.58231078807285
1691,11691,347.82231323352767
1692,11692,-237.01309080397786
1693,11693,118.1231187011874
1694,11694,681.4766679385028
1695,11695,275.66334489092753
1696,11696,185.16481639957362
1697,11697,-13.15936336731579
1698,11698,274.0722474871905
1699,11699,178.7610296558824
1700,11700,-178.98039516140585
1701,11701,391.84251758648537
1702,11702,-308.9499410969798
1703,11703,-324.8362159483899
1704,11704,262.08713574306785
1705,11705,398.5210640940409
1706,11706,-368.254880432962
1707,11707,-181.1825114378508
1708,11708,-166.41347208747626
1709,11709,68.987552587253
1710,11710,-249.49012878431438
1711,11711,443.6033748432903
1712,11712,13.65045988384967
1713,11713,-212.53037852371932
1714,11714,-27.915418712235653
1715,11715,-240.79982184571153
1716,11716,-142.88309144793845
1717,11717,-285.8343043909053
1718,11718,460.63166868009415
1719,11719,-225.10788029950777
1720,11720,97.8265193286187
1721,11721,350.58725687428415
1722,11722,378.8238516684887
1723,11723,-3.8848455252708494
1724,11724,-260.9482885668373
1725,11725,-64.56158617381628
1726,11726,-270.6032841666924
1727,11727,-569.4207476943718
1728,11728,142.46838399487956
1729,11729,228.15231792746874
1730,11730,170.90589405270904
1731,11731,-88.73300598116666
1732,11732,179.5851459685302
1733,11733,176.78682556049327
1734,11734,-56.270574348240004
1735,11735,-185.8725872968272
1736,11736,100.44658731096965
1737,11737,-63.6621795455863
1738,11738,623.2061139971241
1739,11739,-122.16898105378219
1740,11740,-216.57264126812439
1741,11741,-130.98097450073672
1742,11742,-293.82665858937673
1743,11743,167.92384362730093
1744,11744,9.259507593413547
1745,11745,-587.4956962603312
1746,11746,304.724809418477
1747,11747,251.4635951168525
1748,11748,-304.06096774524485
1749,11749,108.04336957545928
1750,11750,-218.6718997979025
1751,11751,-105.13018388543654
1752,11752,121.35633108715773
1753,11753,-302.96404134850104
1754,11754,529.6616399285887
1755,11755,-224.55011115095382
1756,11756,688.8598020995784
1757,11757,121.6214084074832
1758,11758,495.8633096373993
1759,11759,-104.89700800321181
1760,11760,-39.40369282771341
1761,11761,-218.4339384089357
1762,11762,-242.07542923760508
1763,11763,328.4691736616507
1764,11764,-121.57062322437412
1765,11765,-351.961327236456
1766,11766,235.89654336008974
1767,11767,211.84331613383515
1768,11768,581.9859083831261
1769,11769,-187.81685176717562
1770,11770,-88.2035305628133
1771,11771,-121.2631828216137
1772,11772,-682.3449315356849
1773,11773,-61.455993571582354
1774,11774,69.00904133898243
1775,11775,132.89487284698941
1776,11776,41.646820743464126
1777,11777,-513.1698248834686
1778,11778,216.74344092334857
1779,11779,-533.8087878872982
1780,11780,-467.1030650315732
1781,11781,39.69398965514718
1782,11782,178.8448375901781
1783,11783,-255.91268436083215
1784,11784,468.6909720129378
1785,11785,-959.145867517446
1786,11786,201.86251191588556
1787,11787,-282.56870707573876
1788,11788,-392.43495156660316
1789,11789,-219.68775779803622
1790,11790,169.5930226678122
1791,11791,-21.89566576933622
1792,11792,-242.27992228725734
1793,11793,35.58886075134634
1794,11794,336.440333530045
1795,11795,-63.33152033000673
1796,11796,-4.446048273788225
1797,11797,-312.3153657145606
1798,11798,14.581415571942795
1799,11799,-258.22351273455115
1800,11800,725.838791330286
1801,11801,-303.8280646204011
1802,11802,-726.1845220640328
1803,11803,93.42268369441396
1804,11804,92.79798258372126
1805,11805,342.41232925067413
1806,11806,856.1825394344169
1807,11807,-54.88314706218429
1808,11808,-213.13720641425388
1809,11809,-365.0835488849499
1810,11810,-733.4819620034942
1811,11811,-206.05838193577864
1812,11812,-418.27223526007924
1813,11813,358.8044694709536
1814,11814,-260.6223453246673
1815,11815,546.2345722587847
1816,11816,187.44948665602962
1817,11817,-22.033982900795063
1818,11818,88.73051702341286
1819,11819,-243.1384797848787
1820,11820,-41.379666278954645
1821,11821,-543.6240241200904
1822,11822,840.8060354669707
1823,11823,402.824221818665
1824,11824,79.42070559550127
1825,11825,473.3897942639652
1826,11826,-57.64549004681675
1827,11827,210.1128672724435
1828,11828,-185.7574529011003
1829,11829,22.769138003585546
1830,11830,940.7468340773538
1831,11831,-442.70666780215623
1832,11832,-475.24478225219434
1833,11833,-339.994283981621
1834,11834,541.6463647301912
1835,11835,333.49907956467547
1836,11836,-765.4962533792769
1837,11837,91.19318918087102
1838,11838,164.4507322896633
1839,11839,274.61283312274026
1840,11840,263.1882538980376
1841,11841,303.62233467676526
1842,11842,-92.18952553795816
1843,11843,208.9737133756838
1844,11844,-170.03419050961764
1845,11845,41.558196358047155
1846,11846,-670.8313651099276
1847,11847,452.65937770407004
1848,11848,741.8102612544469
1849,11849,420.55241150407267
1850,11850,400.35300244817887
1851,11851,-181.64239575564176
1852,11852,162.0463584020064
1853,11853,2.748093609334137
1854,11854,534.6906446334303
1855,11855,145.05936874351352
1856,11856,245.63977352375338
1857,11857,192.7063366360508
1858,11858,486.57398637164914
1859,11859,525.2699999852715
1860,11860,172.00159142779074
1861,11861,342.5619147140184
1862,11862,-338.44880989512336
1863,11863,99.97133504380395
1864,11864,-176.90171781690216
1865,11865,316.42601020393414
1866,11866,-637.4632411206276
1867,11867,74.53335736390227
1868,11868,-319.60935418345093
1869,11869,-234.07357196963468
1870,11870,238.83176324556453
1871,11871,684.2995158543814
1872,11872,-273.3939469063444
1873,11873,229.49387382849665
1874,11874,-191.42805181835212
1875,11875,591.7365509012396
1876,11876,-357.71707695786785
1877,11877,279.34920279935386
1878,11878,16.385346982374767
1879,11879,1015.2321071191635
1880,11880,-44.24764867011582
1881,11881,-259.12038484959976
1882,11882,6.686312571180188
1883,11883,113.41765950025469
1884,11884,164.36906042910522
1885,11885,-219.7909106431429
1886,11886,-50.91215016522542
1887,11887,234.69378482921468
1888,11888,-225.7460471560139
1889,11889,-124.56806112022954
1890,11890,89.33080634586106
1891,11891,-24.039822321153984
1892,11892,949.8138509171494
1893,11893,21.685293242948948
1894,11894,-333.0669156217113
1895,11895,51.635266771128045
1896,11896,-328.74705891806974
1897,11897,-622.2335618237715
1898,11898,-406.8257232673684
1899,11899,-126.38083816157169
1900,11900,-298.35683404440937
1901,11901,-494.632402732851
1902,11902,579.0223407583983
1903,11903,170.42489512238228
1904,11904,160.451272789015
1905,11905,-127.53245750921015
1906,11906,116.5126074916416
1907,11907,137.24483689523376
1908,11908,-1.2351263056277457
1909,11909,613.2508183966263
1910,11910,435.2344808605941
1911,11911,160.3869671002343
1912,11912,-185.47388977035058
1913,11913,188.64065599401133
1914,11914,-610.5603513173604
1915,11915,23.71465718639941
1916,11916,-97.90469140459425
1917,11917,-120.61345408597157
1918,11918,353.07871733578776
1919,11919,-18.442887505295452
1920,11920,-120.28546893417459
1921,11921,15.392910103856934
1922,11922,185.80696804774502
1923,11923,845.6527630055823
1924,11924,349.4593287705592
1925,11925,45.8926372369663
1926,11926,-7.237928751002754
1927,11927,-164.71617083395964
1928,11928,107.29963692985916
1929,11929,-99.6000997811488
1930,11930,48.616369269305046
1931,11931,41.19970604370521
1932,11932,661.6732170958691
1933,11933,305.9589879497781
1934,11934,500.41107558683126
1935,11935,-231.16099217574492
1936,11936,334.1777324993204
1937,11937,-326.40234266325774
1938,11938,-574.1806195838047
1939,11939,148.54087270945212
1940,11940,613.9878825912874
1941,11941,184.52036741988584
1942,11942,-216.10046725875605
1943,11943,-616.0735283229865
1944,11944,127.46984067427061
1945,11945,-96.8815543927502
1946,11946,-167.71203784394453
1947,11947,-349.94699488619153
1948,11948,6.614867126929291
1949,11949,543.2797064068868
1950,11950,-362.78103146834064
1951,11951,-330.057419494665
1952,11952,347.0145487363184
1953,11953,526.4307732934477
1954,11954,-69.34252030456882
1955,11955,368.08942932477447
1956,11956,381.7237196417391
1957,11957,345.85284032808534
1958,11958,-204.68981318862188
1959,11959,157.89721831896503
1960,11960,-967.3833642179123
1961,11961,527.9548197579924
1962,11962,-338.8496057859555
1963,11963,609.1811386017578
1964,11964,381.1166205898003
1965,11965,-18.351583240230315
1966,11966,-92.24291830783243
1967,11967,-166.08686551614608
1968,11968,-173.939599458062
1969,11969,-221.13734204317566
1970,11970,-228.37612245128568
1971,11971,198.06160680946022
1972,11972,-713.0064769343041
1973,11973,-89.6818647418323
1974,11974,-480.00457016778273
1975,11975,-271.7333959227008
1976,11976,565.3236399366721
1977,11977,96.11148263233088
1978,11978,178.61335856961398
1979,11979,-61.17433245470566
1980,11980,-368.6916872400581
1981,11981,4.847746578177483
1982,11982,414.4138213444012
1983,11983,-760.318316793052
1984,11984,84.912715326861
1985,11985,-251.8473255202892
1986,11986,280.70758458952093
1987,11987,-391.25027825107725
1988,11988,608.4991171703754
1989,11989,-27.80846060721158
1990,11990,-123.41411926925721
1991,11991,-130.82924419408144
1992,11992,18.553068892600418
1993,11993,-433.1653758772144
1994,11994,-303.70912611646514
1995,11995,464.71525498508015
1996,11996,496.48533446727976
1997,11997,-35.13540941579673
1998,11998,-131.67918453438637
1999,11999,417.26915462133417
